ba;background_main;ba_layout;ba_outline;ba_part_1;ba_part_2;ba_part_3;ba_part_4;ba_part_5;ba_part_6;ba_part_7;ba_part_8;ba_part_9;10;6;219;6;357;6;10;116;147;174;357;174;10;343;147;343;429;343
bb;background_main;ba_layout;ba_outline;bb_part_1;bb_part_2;bb_part_3;bb_part_4;bb_part_5;bb_part_6;bb_part_7;bb_part_8;bb_part_9;10;6;219;6;357;6;10;116;147;174;357;174;10;343;147;343;429;343
bc;background_main;ba_layout;ba_outline;bc_part_1;bc_part_2;bc_part_3;bc_part_4;bc_part_5;bc_part_6;bc_part_7;bc_part_8;bc_part_9;10;6;219;6;357;6;10;116;147;174;357;174;10;343;147;343;429;343
bd;background_main;ba_layout;ba_outline;bd_part_1;bd_part_2;bd_part_3;bd_part_4;bd_part_5;bd_part_6;bd_part_7;bd_part_8;bd_part_9;10;6;219;6;357;6;10;116;147;174;357;174;10;343;147;343;429;343
be;background_main;ba_layout;ba_outline;be_part_1;be_part_2;be_part_3;be_part_4;be_part_5;be_part_6;be_part_7;be_part_8;be_part_9;10;6;219;6;357;6;10;116;147;174;357;174;10;343;147;343;429;343
bf;background_main;ba_layout;ba_outline;bf_part_1;bf_part_2;bf_part_3;bf_part_4;bf_part_5;bf_part_6;bf_part_7;bf_part_8;bf_part_9;10;6;219;6;357;6;10;116;147;174;357;174;10;343;147;343;429;343
