a;background_main;a_layout;a_outline;a_part_1;a_part_2;a_part_3;a_part_4;a_part_5;a_part_6;a_part_7;a_part_8;a_part_9;5;3;134;3;219;3;5;71;89;107;219;107;5;211;89;211;264;211
b;background_main;a_layout;a_outline;b_part_1;b_part_2;b_part_3;b_part_4;b_part_5;b_part_6;b_part_7;b_part_8;b_part_9;5;3;134;3;219;3;5;71;89;107;219;107;5;211;89;211;264;211
c;background_main;a_layout;a_outline;c_part_1;c_part_2;c_part_3;c_part_4;c_part_5;c_part_6;c_part_7;c_part_8;c_part_9;5;3;134;3;219;3;5;71;89;107;219;107;5;211;89;211;264;211
d;background_main;a_layout;a_outline;d_part_1;d_part_2;d_part_3;d_part_4;d_part_5;d_part_6;d_part_7;d_part_8;d_part_9;5;3;134;3;219;3;5;71;89;107;219;107;5;211;89;211;264;211
e;background_main;a_layout;a_outline;e_part_1;e_part_2;e_part_3;e_part_4;e_part_5;e_part_6;e_part_7;e_part_8;e_part_9;5;3;134;3;219;3;5;71;89;107;219;107;5;211;89;211;264;211
f;background_main;a_layout;a_outline;f_part_1;f_part_2;f_part_3;f_part_4;f_part_5;f_part_6;f_part_7;f_part_8;f_part_9;5;3;134;3;219;3;5;71;89;107;219;107;5;211;89;211;264;211
